Filename	Atlas Name	Biospecimen	Assay	Level	Organ	Diagnosis	Data Access	File Format	HTAN Data File ID	HTAN Parent Biospecimen ID	HTAN Parent Data File ID	Run ID	Visium File Type	Workflow Version	Workflow Link	Capture Area	Spotsundertissue	Mean Readsper Spatial Spot	Median Number Genesper Spatial Spot	Sequencing Saturation	Proportion Reads Mapped	Proportion Reads Mappedto Transcriptome	Median UMI Countsper Spot	Synapse Id	Atlasid	Data File ID	Parent Biospecimen ID	Parent Data File ID	Is Raw Sequencing	Release Version	Metadata	View
visium_level_3_pdac/HT224P1-S1Fc2U1Z1Bs1-1-barcodes.tsv.gz	HTAN WUSTL	HTA12_22_4	10x Visium	Level 3	Pancreas NOS	Adenocarcinoma pancreatobiliary type	Synapse	gzip	HTA12_22_3004	HTA12_22_4	HTA12_22_2002	HT224P1-S1Fc2U1Z1Bs1-1	barcodes	spaceranger-1.2.2	https://github.com/reykajayasinghe/HTAN/blob/main/Single_cell_preprocessing/run_spaceranger_1.2.2.sh	C1	2295	68096	3322	74.2	87.8	77.5	8631	syn51201498	HTA12	HTA12_22_3004	HTA12_22_4	HTA12_22_2002		Release 3.0	Details	Image Viewer Coming Soon
visium_level_3_pdac/HT224P1-S1Fc2U1Z1Bs1-1-features.tsv.gz	HTAN WUSTL	HTA12_22_4	10x Visium	Level 3	Pancreas NOS	Adenocarcinoma pancreatobiliary type	Synapse	gzip	HTA12_22_3005	HTA12_22_4	HTA12_22_2002	HT224P1-S1Fc2U1Z1Bs1-1	features	spaceranger-1.2.2	https://github.com/reykajayasinghe/HTAN/blob/main/Single_cell_preprocessing/run_spaceranger_1.2.2.sh	C1	2295	68096	3322	74.2	87.8	77.5	8631	syn51201516	HTA12	HTA12_22_3005	HTA12_22_4	HTA12_22_2002		Release 3.0	Details	Image Viewer Coming Soon
visium_level_3_pdac/HT224P1-S1Fc2U1Z1Bs1-1-matrix.mtx.gz	HTAN WUSTL	HTA12_22_4	10x Visium	Level 3	Pancreas NOS	Adenocarcinoma pancreatobiliary type	Synapse	gzip	HTA12_22_3006	HTA12_22_4	HTA12_22_2002	HT224P1-S1Fc2U1Z1Bs1-1	unfiltered mex	spaceranger-1.2.2	https://github.com/reykajayasinghe/HTAN/blob/main/Single_cell_preprocessing/run_spaceranger_1.2.2.sh	C1	2295	68096	3322	74.2	87.8	77.5	8631	syn51201492	HTA12	HTA12_22_3006	HTA12_22_4	HTA12_22_2002		Release 3.0	Details	Image Viewer Coming Soon
visium_level_3_pdac/HT224P1-S1Fc2U1Z1Bs1-1-tissue_positions_list.csv	HTAN WUSTL	HTA12_22_4	10x Visium	Level 3	Pancreas NOS	Adenocarcinoma pancreatobiliary type	Synapse	csv	HTA12_22_3009	HTA12_22_4	HTA12_22_2002	HT224P1-S1Fc2U1Z1Bs1-1	tissue_positions	spaceranger-1.2.2	https://github.com/reykajayasinghe/HTAN/blob/main/Single_cell_preprocessing/run_spaceranger_1.2.2.sh	C1	2295	68096	3322	74.2	87.8	77.5	8631	syn51203271	HTA12	HTA12_22_3009	HTA12_22_4	HTA12_22_2002		Release 3.0	Details	Image Viewer Coming Soon
visium_level_3_pdac/HT231P1-S1H3Fc2U1Z1Bs1-H3Bs2-Test-barcodes.tsv.gz	HTAN WUSTL	HTA12_23_3	10x Visium	Level 3	Pancreas NOS	Adenocarcinoma pancreatobiliary type	Synapse	gzip	HTA12_23_3004	HTA12_23_3	HTA12_23_2002	HT231P1-S1H3Fc2U1Z1Bs1-H3Bs2-Test	barcodes	spaceranger-1.2.2	https://github.com/reykajayasinghe/HTAN/blob/main/Single_cell_preprocessing/run_spaceranger_1.2.2.sh	A1	4045	78867	3155	81.3	93.1	80.7	8524	syn51201486	HTA12	HTA12_23_3004	HTA12_23_3	HTA12_23_2002		Release 3.0	Details	Image Viewer Coming Soon
visium_level_3_pdac/HT231P1-S1H3Fc2U1Z1Bs1-H3Bs2-Test-features.tsv.gz	HTAN WUSTL	HTA12_23_3	10x Visium	Level 3	Pancreas NOS	Adenocarcinoma pancreatobiliary type	Synapse	gzip	HTA12_23_3005	HTA12_23_3	HTA12_23_2002	HT231P1-S1H3Fc2U1Z1Bs1-H3Bs2-Test	features	spaceranger-1.2.2	https://github.com/reykajayasinghe/HTAN/blob/main/Single_cell_preprocessing/run_spaceranger_1.2.2.sh	A1	4045	78867	3155	81.3	93.1	80.7	8524	syn51201481	HTA12	HTA12_23_3005	HTA12_23_3	HTA12_23_2002		Release 3.0	Details	Image Viewer Coming Soon
visium_level_3_pdac/HT231P1-S1H3Fc2U1Z1Bs1-H3Bs2-Test-matrix.mtx.gz	HTAN WUSTL	HTA12_23_3	10x Visium	Level 3	Pancreas NOS	Adenocarcinoma pancreatobiliary type	Synapse	gzip	HTA12_23_3006	HTA12_23_3	HTA12_23_2002	HT231P1-S1H3Fc2U1Z1Bs1-H3Bs2-Test	unfiltered mex	spaceranger-1.2.2	https://github.com/reykajayasinghe/HTAN/blob/main/Single_cell_preprocessing/run_spaceranger_1.2.2.sh	A1	4045	78867	3155	81.3	93.1	80.7	8524	syn51201505	HTA12	HTA12_23_3006	HTA12_23_3	HTA12_23_2002		Release 3.0	Details	Image Viewer Coming Soon
visium_level_3_pdac/HT231P1-S1H3Fc2U1Z1Bs1-H3Bs2-Test-tissue_positions_list.csv	HTAN WUSTL	HTA12_23_3	10x Visium	Level 3	Pancreas NOS	Adenocarcinoma pancreatobiliary type	Synapse	csv	HTA12_23_3009	HTA12_23_3	HTA12_23_2002	HT231P1-S1H3Fc2U1Z1Bs1-H3Bs2-Test	tissue_positions	spaceranger-1.2.2	https://github.com/reykajayasinghe/HTAN/blob/main/Single_cell_preprocessing/run_spaceranger_1.2.2.sh	A1	4045	78867	3155	81.3	93.1	80.7	8524	syn51203265	HTA12	HTA12_23_3009	HTA12_23_3	HTA12_23_2002		Release 3.0	Details	Image Viewer Coming Soon
visium_level_3_pdac/HT232P1H1A2-barcodes.tsv.gz	HTAN WUSTL	HTA12_24_5	10x Visium	Level 3	Pancreas NOS	Adenocarcinoma pancreatobiliary type	Synapse	gzip	HTA12_24_3004	HTA12_24_5	HTA12_24_2002	HT232P1H1A2	barcodes	spaceranger-1.2.2	https://github.com/reykajayasinghe/HTAN/blob/main/Single_cell_preprocessing/run_spaceranger_1.2.2.sh	C1	3079	88554	3016	81.4	87.3	75.4	7526	syn51201503	HTA12	HTA12_24_3004	HTA12_24_5	HTA12_24_2002		Release 3.0	Details	Image Viewer Coming Soon
visium_level_3_pdac/HT232P1H1A2-features.tsv.gz	HTAN WUSTL	HTA12_24_5	10x Visium	Level 3	Pancreas NOS	Adenocarcinoma pancreatobiliary type	Synapse	gzip	HTA12_24_3005	HTA12_24_5	HTA12_24_2002	HT232P1H1A2	features	spaceranger-1.2.2	https://github.com/reykajayasinghe/HTAN/blob/main/Single_cell_preprocessing/run_spaceranger_1.2.2.sh	C1	3079	88554	3016	81.4	87.3	75.4	7526	syn51201519	HTA12	HTA12_24_3005	HTA12_24_5	HTA12_24_2002		Release 3.0	Details	Image Viewer Coming Soon
visium_level_3_pdac/HT232P1H1A2-matrix.mtx.gz	HTAN WUSTL	HTA12_24_5	10x Visium	Level 3	Pancreas NOS	Adenocarcinoma pancreatobiliary type	Synapse	gzip	HTA12_24_3006	HTA12_24_5	HTA12_24_2002	HT232P1H1A2	unfiltered mex	spaceranger-1.2.2	https://github.com/reykajayasinghe/HTAN/blob/main/Single_cell_preprocessing/run_spaceranger_1.2.2.sh	C1	3079	88554	3016	81.4	87.3	75.4	7526	syn51201521	HTA12	HTA12_24_3006	HTA12_24_5	HTA12_24_2002		Release 3.0	Details	Image Viewer Coming Soon
visium_level_3_pdac/HT232P1H1A2-tissue_positions_list.csv	HTAN WUSTL	HTA12_24_5	10x Visium	Level 3	Pancreas NOS	Adenocarcinoma pancreatobiliary type	Synapse	csv	HTA12_24_3009	HTA12_24_5	HTA12_24_2002	HT232P1H1A2	tissue_positions	spaceranger-1.2.2	https://github.com/reykajayasinghe/HTAN/blob/main/Single_cell_preprocessing/run_spaceranger_1.2.2.sh	C1	3079	88554	3016	81.4	87.3	75.4	7526	syn51203279	HTA12	HTA12_24_3009	HTA12_24_5	HTA12_24_2002		Release 3.0	Details	Image Viewer Coming Soon
visium_level_3_pdac/HT232P1H2A2-barcodes.tsv.gz	HTAN WUSTL	HTA12_24_6	10x Visium	Level 3	Pancreas NOS	Adenocarcinoma pancreatobiliary type	Synapse	gzip	HTA12_24_3015	HTA12_24_6	HTA12_24_2003	HT232P1H2A2	barcodes	spaceranger-1.1.0	https://github.com/reykajayasinghe/HTAN/blob/main/Single_cell_preprocessing/run_spaceranger_1.2.2.sh	D1	4067	63312	3134	76.8	89.7	77.2	7714	syn51201489	HTA12	HTA12_24_3015	HTA12_24_6	HTA12_24_2003		Release 3.0	Details	Image Viewer Coming Soon
visium_level_3_pdac/HT232P1H2A2-features.tsv.gz	HTAN WUSTL	HTA12_24_6	10x Visium	Level 3	Pancreas NOS	Adenocarcinoma pancreatobiliary type	Synapse	gzip	HTA12_24_3010	HTA12_24_6	HTA12_24_2003	HT232P1H2A2	features	spaceranger-1.1.0	https://github.com/reykajayasinghe/HTAN/blob/main/Single_cell_preprocessing/run_spaceranger_1.2.2.sh	D1	4067	63312	3134	76.8	89.7	77.2	7714	syn51201490	HTA12	HTA12_24_3010	HTA12_24_6	HTA12_24_2003		Release 3.0	Details	Image Viewer Coming Soon
visium_level_3_pdac/HT232P1H2A2-matrix.mtx.gz	HTAN WUSTL	HTA12_24_6	10x Visium	Level 3	Pancreas NOS	Adenocarcinoma pancreatobiliary type	Synapse	gzip	HTA12_24_3011	HTA12_24_6	HTA12_24_2003	HT232P1H2A2	unfiltered mex	spaceranger-1.1.0	https://github.com/reykajayasinghe/HTAN/blob/main/Single_cell_preprocessing/run_spaceranger_1.2.2.sh	D1	4067	63312	3134	76.8	89.7	77.2	7714	syn51201523	HTA12	HTA12_24_3011	HTA12_24_6	HTA12_24_2003		Release 3.0	Details	Image Viewer Coming Soon
visium_level_3_pdac/HT232P1H2A2-tissue_positions_list.csv	HTAN WUSTL	HTA12_24_6	10x Visium	Level 3	Pancreas NOS	Adenocarcinoma pancreatobiliary type	Synapse	csv	HTA12_24_3014	HTA12_24_6	HTA12_24_2003	HT232P1H2A2	tissue_positions	spaceranger-1.1.0	https://github.com/reykajayasinghe/HTAN/blob/main/Single_cell_preprocessing/run_spaceranger_1.2.2.sh	D1	4067	63312	3134	76.8	89.7	77.2	7714	syn51203287	HTA12	HTA12_24_3014	HTA12_24_6	HTA12_24_2003		Release 3.0	Details	Image Viewer Coming Soon
visium_level_3_pdac/HT242P1H1-S1Fc1U1Z1B1_1-barcodes.tsv.gz	HTAN WUSTL	HTA12_25_5	10x Visium	Level 3	Pancreas NOS	Adenocarcinoma pancreatobiliary type	Synapse	gzip	HTA12_25_3004	HTA12_25_5	HTA12_25_2002	HT242P1H1-S1Fc1U1Z1B1_1	barcodes	spaceranger-1.2.1	https://github.com/reykajayasinghe/HTAN/blob/main/Single_cell_preprocessing/run_spaceranger_1.2.2.sh	A1	3077	110440	4858	75	93.1	84.5	18838	syn51201479	HTA12	HTA12_25_3004	HTA12_25_5	HTA12_25_2002		Release 3.0	Details	Image Viewer Coming Soon
visium_level_3_pdac/HT242P1H1-S1Fc1U1Z1B1_1-features.tsv.gz	HTAN WUSTL	HTA12_25_5	10x Visium	Level 3	Pancreas NOS	Adenocarcinoma pancreatobiliary type	Synapse	gzip	HTA12_25_3005	HTA12_25_5	HTA12_25_2002	HT242P1H1-S1Fc1U1Z1B1_1	features	spaceranger-1.2.1	https://github.com/reykajayasinghe/HTAN/blob/main/Single_cell_preprocessing/run_spaceranger_1.2.2.sh	A1	3077	110440	4858	75	93.1	84.5	18838	syn51201494	HTA12	HTA12_25_3005	HTA12_25_5	HTA12_25_2002		Release 3.0	Details	Image Viewer Coming Soon
visium_level_3_pdac/HT242P1H1-S1Fc1U1Z1B1_1-matrix.mtx.gz	HTAN WUSTL	HTA12_25_5	10x Visium	Level 3	Pancreas NOS	Adenocarcinoma pancreatobiliary type	Synapse	gzip	HTA12_25_3006	HTA12_25_5	HTA12_25_2002	HT242P1H1-S1Fc1U1Z1B1_1	unfiltered mex	spaceranger-1.2.1	https://github.com/reykajayasinghe/HTAN/blob/main/Single_cell_preprocessing/run_spaceranger_1.2.2.sh	A1	3077	110440	4858	75	93.1	84.5	18838	syn51201500	HTA12	HTA12_25_3006	HTA12_25_5	HTA12_25_2002		Release 3.0	Details	Image Viewer Coming Soon
visium_level_3_pdac/HT242P1H1-S1Fc1U1Z1B1_1-tissue_positions_list.csv	HTAN WUSTL	HTA12_25_5	10x Visium	Level 3	Pancreas NOS	Adenocarcinoma pancreatobiliary type	Synapse	csv	HTA12_25_3009	HTA12_25_5	HTA12_25_2002	HT242P1H1-S1Fc1U1Z1B1_1	tissue_positions	spaceranger-1.2.1	https://github.com/reykajayasinghe/HTAN/blob/main/Single_cell_preprocessing/run_spaceranger_1.2.2.sh	A1	3077	110440	4858	75	93.1	84.5	18838	syn51203275	HTA12	HTA12_25_3009	HTA12_25_5	HTA12_25_2002		Release 3.0	Details	Image Viewer Coming Soon
visium_level_3_pdac/HT242P1H2-S1Fc1U1Z1B1_1-barcodes.tsv.gz	HTAN WUSTL	HTA12_25_6	10x Visium	Level 3	Pancreas NOS	Adenocarcinoma pancreatobiliary type	Synapse	gzip	HTA12_25_3010	HTA12_25_6	HTA12_25_2003	HT242P1H2-S1Fc1U1Z1B1_1	barcodes	spaceranger-1.2.1	https://github.com/reykajayasinghe/HTAN/blob/main/Single_cell_preprocessing/run_spaceranger_1.2.2.sh	B1	3130	96792	4986	70.4	93.6	84.4	19243	syn51201509	HTA12	HTA12_25_3010	HTA12_25_6	HTA12_25_2003		Release 3.0	Details	Image Viewer Coming Soon
visium_level_3_pdac/HT242P1H2-S1Fc1U1Z1B1_1-features.tsv.gz	HTAN WUSTL	HTA12_25_6	10x Visium	Level 3	Pancreas NOS	Adenocarcinoma pancreatobiliary type	Synapse	gzip	HTA12_25_3011	HTA12_25_6	HTA12_25_2003	HT242P1H2-S1Fc1U1Z1B1_1	features	spaceranger-1.2.1	https://github.com/reykajayasinghe/HTAN/blob/main/Single_cell_preprocessing/run_spaceranger_1.2.2.sh	B1	3130	96792	4986	70.4	93.6	84.4	19243	syn51201478	HTA12	HTA12_25_3011	HTA12_25_6	HTA12_25_2003		Release 3.0	Details	Image Viewer Coming Soon
visium_level_3_pdac/HT242P1H2-S1Fc1U1Z1B1_1-matrix.mtx.gz	HTAN WUSTL	HTA12_25_6	10x Visium	Level 3	Pancreas NOS	Adenocarcinoma pancreatobiliary type	Synapse	gzip	HTA12_25_3012	HTA12_25_6	HTA12_25_2003	HT242P1H2-S1Fc1U1Z1B1_1	unfiltered mex	spaceranger-1.2.1	https://github.com/reykajayasinghe/HTAN/blob/main/Single_cell_preprocessing/run_spaceranger_1.2.2.sh	B1	3130	96792	4986	70.4	93.6	84.4	19243	syn51201504	HTA12	HTA12_25_3012	HTA12_25_6	HTA12_25_2003		Release 3.0	Details	Image Viewer Coming Soon
visium_level_3_pdac/HT242P1H2-S1Fc1U1Z1B1_1-tissue_positions_list.csv	HTAN WUSTL	HTA12_25_6	10x Visium	Level 3	Pancreas NOS	Adenocarcinoma pancreatobiliary type	Synapse	csv	HTA12_25_3015	HTA12_25_6	HTA12_25_2003	HT242P1H2-S1Fc1U1Z1B1_1	tissue_positions	spaceranger-1.2.1	https://github.com/reykajayasinghe/HTAN/blob/main/Single_cell_preprocessing/run_spaceranger_1.2.2.sh	B1	3130	96792	4986	70.4	93.6	84.4	19243	syn51203286	HTA12	HTA12_25_3015	HTA12_25_6	HTA12_25_2003		Release 3.0	Details	Image Viewer Coming Soon
visium_level_3_pdac/HT242P1H3-S1Fc1U1Z1B1_1-barcodes.tsv.gz	HTAN WUSTL	HTA12_25_7	10x Visium	Level 3	Pancreas NOS	Adenocarcinoma pancreatobiliary type	Synapse	gzip	HTA12_25_3016	HTA12_25_7	HTA12_25_2004	HT242P1H3-S1Fc1U1Z1B1_1	barcodes	spaceranger-1.2.1	https://github.com/reykajayasinghe/HTAN/blob/main/Single_cell_preprocessing/run_spaceranger_1.2.2.sh	C1	3880	62798	3405	71.4	92.4	81.2	9160	syn51201480	HTA12	HTA12_25_3016	HTA12_25_7	HTA12_25_2004		Release 3.0	Details	Image Viewer Coming Soon
visium_level_3_pdac/HT242P1H3-S1Fc1U1Z1B1_1-features.tsv.gz	HTAN WUSTL	HTA12_25_7	10x Visium	Level 3	Pancreas NOS	Adenocarcinoma pancreatobiliary type	Synapse	gzip	HTA12_25_3017	HTA12_25_7	HTA12_25_2004	HT242P1H3-S1Fc1U1Z1B1_1	features	spaceranger-1.2.1	https://github.com/reykajayasinghe/HTAN/blob/main/Single_cell_preprocessing/run_spaceranger_1.2.2.sh	C1	3880	62798	3405	71.4	92.4	81.2	9160	syn51201482	HTA12	HTA12_25_3017	HTA12_25_7	HTA12_25_2004		Release 3.0	Details	Image Viewer Coming Soon
visium_level_3_pdac/HT242P1H3-S1Fc1U1Z1B1_1-matrix.mtx.gz	HTAN WUSTL	HTA12_25_7	10x Visium	Level 3	Pancreas NOS	Adenocarcinoma pancreatobiliary type	Synapse	gzip	HTA12_25_3018	HTA12_25_7	HTA12_25_2004	HT242P1H3-S1Fc1U1Z1B1_1	unfiltered mex	spaceranger-1.2.1	https://github.com/reykajayasinghe/HTAN/blob/main/Single_cell_preprocessing/run_spaceranger_1.2.2.sh	C1	3880	62798	3405	71.4	92.4	81.2	9160	syn51201499	HTA12	HTA12_25_3018	HTA12_25_7	HTA12_25_2004		Release 3.0	Details	Image Viewer Coming Soon
visium_level_3_pdac/HT242P1H3-S1Fc1U1Z1B1_1-tissue_positions_list.csv	HTAN WUSTL	HTA12_25_7	10x Visium	Level 3	Pancreas NOS	Adenocarcinoma pancreatobiliary type	Synapse	csv	HTA12_25_3021	HTA12_25_7	HTA12_25_2004	HT242P1H3-S1Fc1U1Z1B1_1	tissue_positions	spaceranger-1.2.1	https://github.com/reykajayasinghe/HTAN/blob/main/Single_cell_preprocessing/run_spaceranger_1.2.2.sh	C1	3880	62798	3405	71.4	92.4	81.2	9160	syn51203263	HTA12	HTA12_25_3021	HTA12_25_7	HTA12_25_2004		Release 3.0	Details	Image Viewer Coming Soon
visium_level_3_pdac/HT242P1H4-S1Fc1U1Z1B1_1-barcodes.tsv.gz	HTAN WUSTL	HTA12_25_8	10x Visium	Level 3	Pancreas NOS	Adenocarcinoma pancreatobiliary type	Synapse	gzip	HTA12_25_3022	HTA12_25_8	HTA12_25_2005	HT242P1H4-S1Fc1U1Z1B1_1	barcodes	spaceranger-1.2.1	https://github.com/reykajayasinghe/HTAN/blob/main/Single_cell_preprocessing/run_spaceranger_1.2.2.sh	D1	3923	78454	3720	75.6	90.3	78.1	9759	syn51201477	HTA12	HTA12_25_3022	HTA12_25_8	HTA12_25_2005		Release 3.0	Details	Image Viewer Coming Soon
visium_level_3_pdac/HT242P1H4-S1Fc1U1Z1B1_1-features.tsv.gz	HTAN WUSTL	HTA12_25_8	10x Visium	Level 3	Pancreas NOS	Adenocarcinoma pancreatobiliary type	Synapse	gzip	HTA12_25_3023	HTA12_25_8	HTA12_25_2005	HT242P1H4-S1Fc1U1Z1B1_1	features	spaceranger-1.2.1	https://github.com/reykajayasinghe/HTAN/blob/main/Single_cell_preprocessing/run_spaceranger_1.2.2.sh	D1	3923	78454	3720	75.6	90.3	78.1	9759	syn51201484	HTA12	HTA12_25_3023	HTA12_25_8	HTA12_25_2005		Release 3.0	Details	Image Viewer Coming Soon
visium_level_3_pdac/HT242P1H4-S1Fc1U1Z1B1_1-matrix.mtx.gz	HTAN WUSTL	HTA12_25_8	10x Visium	Level 3	Pancreas NOS	Adenocarcinoma pancreatobiliary type	Synapse	gzip	HTA12_25_3024	HTA12_25_8	HTA12_25_2005	HT242P1H4-S1Fc1U1Z1B1_1	unfiltered mex	spaceranger-1.2.1	https://github.com/reykajayasinghe/HTAN/blob/main/Single_cell_preprocessing/run_spaceranger_1.2.2.sh	D1	3923	78454	3720	75.6	90.3	78.1	9759	syn51201520	HTA12	HTA12_25_3024	HTA12_25_8	HTA12_25_2005		Release 3.0	Details	Image Viewer Coming Soon
visium_level_3_pdac/HT242P1H4-S1Fc1U1Z1B1_1-tissue_positions_list.csv	HTAN WUSTL	HTA12_25_8	10x Visium	Level 3	Pancreas NOS	Adenocarcinoma pancreatobiliary type	Synapse	csv	HTA12_25_3027	HTA12_25_8	HTA12_25_2005	HT242P1H4-S1Fc1U1Z1B1_1	tissue_positions	spaceranger-1.2.1	https://github.com/reykajayasinghe/HTAN/blob/main/Single_cell_preprocessing/run_spaceranger_1.2.2.sh	D1	3923	78454	3720	75.6	90.3	78.1	9759	syn51203251	HTA12	HTA12_25_3027	HTA12_25_8	HTA12_25_2005		Release 3.0	Details	Image Viewer Coming Soon
visium_level_3_pdac/HT259P1-S1H1Fc2U1Z1Bs1-1-barcodes.tsv.gz	HTAN WUSTL	HTA12_26_5	10x Visium	Level 3	Pancreas NOS	Adenocarcinoma pancreatobiliary type	Synapse	gzip	HTA12_26_3004	HTA12_26_5	HTA12_26_2002	HT259P1-S1H1Fc2U1Z1Bs1-1	barcodes	spaceranger-1.2.1	https://github.com/reykajayasinghe/HTAN/blob/main/Single_cell_preprocessing/run_spaceranger_1.2.2.sh	A1	4054	52778	2880	74.5	94.4	86.1	8400	syn51201508	HTA12	HTA12_26_3004	HTA12_26_5	HTA12_26_2002		Release 3.0	Details	Image Viewer Coming Soon
visium_level_3_pdac/HT259P1-S1H1Fc2U1Z1Bs1-1-features.tsv.gz	HTAN WUSTL	HTA12_26_5	10x Visium	Level 3	Pancreas NOS	Adenocarcinoma pancreatobiliary type	Synapse	gzip	HTA12_26_3005	HTA12_26_5	HTA12_26_2002	HT259P1-S1H1Fc2U1Z1Bs1-1	features	spaceranger-1.2.1	https://github.com/reykajayasinghe/HTAN/blob/main/Single_cell_preprocessing/run_spaceranger_1.2.2.sh	A1	4054	52778	2880	74.5	94.4	86.1	8400	syn51201483	HTA12	HTA12_26_3005	HTA12_26_5	HTA12_26_2002		Release 3.0	Details	Image Viewer Coming Soon
visium_level_3_pdac/HT259P1-S1H1Fc2U1Z1Bs1-1-matrix.mtx.gz	HTAN WUSTL	HTA12_26_5	10x Visium	Level 3	Pancreas NOS	Adenocarcinoma pancreatobiliary type	Synapse	gzip	HTA12_26_3006	HTA12_26_5	HTA12_26_2002	HT259P1-S1H1Fc2U1Z1Bs1-1	unfiltered mex	spaceranger-1.2.1	https://github.com/reykajayasinghe/HTAN/blob/main/Single_cell_preprocessing/run_spaceranger_1.2.2.sh	A1	4054	52778	2880	74.5	94.4	86.1	8400	syn51201518	HTA12	HTA12_26_3006	HTA12_26_5	HTA12_26_2002		Release 3.0	Details	Image Viewer Coming Soon
visium_level_3_pdac/HT259P1-S1H1Fc2U1Z1Bs1-1-tissue_positions_list.csv	HTAN WUSTL	HTA12_26_5	10x Visium	Level 3	Pancreas NOS	Adenocarcinoma pancreatobiliary type	Synapse	csv	HTA12_26_3009	HTA12_26_5	HTA12_26_2002	HT259P1-S1H1Fc2U1Z1Bs1-1	tissue_positions	spaceranger-1.2.1	https://github.com/reykajayasinghe/HTAN/blob/main/Single_cell_preprocessing/run_spaceranger_1.2.2.sh	A1	4054	52778	2880	74.5	94.4	86.1	8400	syn51203257	HTA12	HTA12_26_3009	HTA12_26_5	HTA12_26_2002		Release 3.0	Details	Image Viewer Coming Soon
visium_level_3_pdac/HT259P1-S1H2Fc2U1Z1Bs1-1-barcodes.tsv.gz	HTAN WUSTL	HTA12_26_6	10x Visium	Level 3	Pancreas NOS	Adenocarcinoma pancreatobiliary type	Synapse	gzip	HTA12_26_3010	HTA12_26_6	HTA12_26_2003	HT259P1-S1H2Fc2U1Z1Bs1-1	barcodes	spaceranger-1.2.1	https://github.com/reykajayasinghe/HTAN/blob/main/Single_cell_preprocessing/run_spaceranger_1.2.2.sh	B1	3927	71687	2873	79.2	92.9	84.5	8608	syn51201491	HTA12	HTA12_26_3010	HTA12_26_6	HTA12_26_2003		Release 3.0	Details	Image Viewer Coming Soon
visium_level_3_pdac/HT259P1-S1H2Fc2U1Z1Bs1-1-features.tsv.gz	HTAN WUSTL	HTA12_26_6	10x Visium	Level 3	Pancreas NOS	Adenocarcinoma pancreatobiliary type	Synapse	gzip	HTA12_26_3011	HTA12_26_6	HTA12_26_2003	HT259P1-S1H2Fc2U1Z1Bs1-1	features	spaceranger-1.2.1	https://github.com/reykajayasinghe/HTAN/blob/main/Single_cell_preprocessing/run_spaceranger_1.2.2.sh	B1	3927	71687	2873	79.2	92.9	84.5	8608	syn51201510	HTA12	HTA12_26_3011	HTA12_26_6	HTA12_26_2003		Release 3.0	Details	Image Viewer Coming Soon
visium_level_3_pdac/HT259P1-S1H2Fc2U1Z1Bs1-1-matrix.mtx.gz	HTAN WUSTL	HTA12_26_6	10x Visium	Level 3	Pancreas NOS	Adenocarcinoma pancreatobiliary type	Synapse	gzip	HTA12_26_3012	HTA12_26_6	HTA12_26_2003	HT259P1-S1H2Fc2U1Z1Bs1-1	unfiltered mex	spaceranger-1.2.1	https://github.com/reykajayasinghe/HTAN/blob/main/Single_cell_preprocessing/run_spaceranger_1.2.2.sh	B1	3927	71687	2873	79.2	92.9	84.5	8608	syn51201506	HTA12	HTA12_26_3012	HTA12_26_6	HTA12_26_2003		Release 3.0	Details	Image Viewer Coming Soon
visium_level_3_pdac/HT259P1-S1H2Fc2U1Z1Bs1-1-tissue_positions_list.csv	HTAN WUSTL	HTA12_26_6	10x Visium	Level 3	Pancreas NOS	Adenocarcinoma pancreatobiliary type	Synapse	csv	HTA12_26_3015	HTA12_26_6	HTA12_26_2003	HT259P1-S1H2Fc2U1Z1Bs1-1	tissue_positions	spaceranger-1.2.1	https://github.com/reykajayasinghe/HTAN/blob/main/Single_cell_preprocessing/run_spaceranger_1.2.2.sh	B1	3927	71687	2873	79.2	92.9	84.5	8608	syn51203261	HTA12	HTA12_26_3015	HTA12_26_6	HTA12_26_2003		Release 3.0	Details	Image Viewer Coming Soon
visium_level_3_pdac/HT264P1-S1H2Fc2U1Z1Bs1-H2Bs2-Test-barcodes.tsv.gz	HTAN WUSTL	HTA12_27_5	10x Visium	Level 3	Pancreas NOS	Mixed adenocarcinoma and squamous cell carcinoma	Synapse	gzip	HTA12_27_3004	HTA12_27_5	HTA12_27_2002	HT264P1-S1H2Fc2U1Z1Bs1-H2Bs2-Test	barcodes	spaceranger-1.2.2	https://github.com/reykajayasinghe/HTAN/blob/main/Single_cell_preprocessing/run_spaceranger_1.2.2.sh	B1	4447	53940	2583	74.8	82.8	71.8	5983	syn51201513	HTA12	HTA12_27_3004	HTA12_27_5	HTA12_27_2002		Release 3.0	Details	Image Viewer Coming Soon
visium_level_3_pdac/HT264P1-S1H2Fc2U1Z1Bs1-H2Bs2-Test-features.tsv.gz	HTAN WUSTL	HTA12_27_5	10x Visium	Level 3	Pancreas NOS	Mixed adenocarcinoma and squamous cell carcinoma	Synapse	gzip	HTA12_27_3005	HTA12_27_5	HTA12_27_2002	HT264P1-S1H2Fc2U1Z1Bs1-H2Bs2-Test	features	spaceranger-1.2.2	https://github.com/reykajayasinghe/HTAN/blob/main/Single_cell_preprocessing/run_spaceranger_1.2.2.sh	B1	4447	53940	2583	74.8	82.8	71.8	5983	syn51201495	HTA12	HTA12_27_3005	HTA12_27_5	HTA12_27_2002		Release 3.0	Details	Image Viewer Coming Soon
visium_level_3_pdac/HT264P1-S1H2Fc2U1Z1Bs1-H2Bs2-Test-matrix.mtx.gz	HTAN WUSTL	HTA12_27_5	10x Visium	Level 3	Pancreas NOS	Mixed adenocarcinoma and squamous cell carcinoma	Synapse	gzip	HTA12_27_3006	HTA12_27_5	HTA12_27_2002	HT264P1-S1H2Fc2U1Z1Bs1-H2Bs2-Test	unfiltered mex	spaceranger-1.2.2	https://github.com/reykajayasinghe/HTAN/blob/main/Single_cell_preprocessing/run_spaceranger_1.2.2.sh	B1	4447	53940	2583	74.8	82.8	71.8	5983	syn51201507	HTA12	HTA12_27_3006	HTA12_27_5	HTA12_27_2002		Release 3.0	Details	Image Viewer Coming Soon
visium_level_3_pdac/HT264P1-S1H2Fc2U1Z1Bs1-H2Bs2-Test-tissue_positions_list.csv	HTAN WUSTL	HTA12_27_5	10x Visium	Level 3	Pancreas NOS	Mixed adenocarcinoma and squamous cell carcinoma	Synapse	csv	HTA12_27_3009	HTA12_27_5	HTA12_27_2002	HT264P1-S1H2Fc2U1Z1Bs1-H2Bs2-Test	tissue_positions	spaceranger-1.2.2	https://github.com/reykajayasinghe/HTAN/blob/main/Single_cell_preprocessing/run_spaceranger_1.2.2.sh	B1	4447	53940	2583	74.8	82.8	71.8	5983	syn51203285	HTA12	HTA12_27_3009	HTA12_27_5	HTA12_27_2002		Release 3.0	Details	Image Viewer Coming Soon
visium_level_3_pdac/HT270P1-S1H2Fc2U1Z1Bs1-H2Bs2-Test-barcodes.tsv.gz	HTAN WUSTL	HTA12_28_5	10x Visium	Level 3	Pancreas NOS	Pancreatobiliary-type carcinoma	Synapse	gzip	HTA12_28_3009	HTA12_28_5	HTA12_28_2002	HT270P1-S1H2Fc2U1Z1Bs1-H2Bs2-Test	barcodes	spaceranger-1.2.2	https://github.com/reykajayasinghe/HTAN/blob/main/Single_cell_preprocessing/run_spaceranger_1.2.2.sh	B1	4770	67256	3718	73.4	84.6	75.7	10460	syn51201485	HTA12	HTA12_28_3009	HTA12_28_5	HTA12_28_2002		Release 3.0	Details	Image Viewer Coming Soon
visium_level_3_pdac/HT270P1-S1H2Fc2U1Z1Bs1-H2Bs2-Test-features.tsv.gz	HTAN WUSTL	HTA12_28_5	10x Visium	Level 3	Pancreas NOS	Pancreatobiliary-type carcinoma	Synapse	gzip	HTA12_28_3004	HTA12_28_5	HTA12_28_2002	HT270P1-S1H2Fc2U1Z1Bs1-H2Bs2-Test	features	spaceranger-1.2.2	https://github.com/reykajayasinghe/HTAN/blob/main/Single_cell_preprocessing/run_spaceranger_1.2.2.sh	B1	4770	67256	3718	73.4	84.6	75.7	10460	syn51201514	HTA12	HTA12_28_3004	HTA12_28_5	HTA12_28_2002		Release 3.0	Details	Image Viewer Coming Soon
visium_level_3_pdac/HT270P1-S1H2Fc2U1Z1Bs1-H2Bs2-Test-matrix.mtx.gz	HTAN WUSTL	HTA12_28_5	10x Visium	Level 3	Pancreas NOS	Pancreatobiliary-type carcinoma	Synapse	gzip	HTA12_28_3005	HTA12_28_5	HTA12_28_2002	HT270P1-S1H2Fc2U1Z1Bs1-H2Bs2-Test	unfiltered mex	spaceranger-1.2.2	https://github.com/reykajayasinghe/HTAN/blob/main/Single_cell_preprocessing/run_spaceranger_1.2.2.sh	B1	4770	67256	3718	73.4	84.6	75.7	10460	syn51201511	HTA12	HTA12_28_3005	HTA12_28_5	HTA12_28_2002		Release 3.0	Details	Image Viewer Coming Soon
visium_level_3_pdac/HT270P1-S1H2Fc2U1Z1Bs1-H2Bs2-Test-tissue_positions_list.csv	HTAN WUSTL	HTA12_28_5	10x Visium	Level 3	Pancreas NOS	Pancreatobiliary-type carcinoma	Synapse	csv	HTA12_28_3008	HTA12_28_5	HTA12_28_2002	HT270P1-S1H2Fc2U1Z1Bs1-H2Bs2-Test	tissue_positions	spaceranger-1.2.2	https://github.com/reykajayasinghe/HTAN/blob/main/Single_cell_preprocessing/run_spaceranger_1.2.2.sh	B1	4770	67256	3718	73.4	84.6	75.7	10460	syn51203258	HTA12	HTA12_28_3008	HTA12_28_5	HTA12_28_2002		Release 3.0	Details	Image Viewer Coming Soon
visium_level_3_pdac/HT284P1-S1H2Fc2U1Z1Bs1-H2Bs2-Test-barcodes.tsv.gz	HTAN WUSTL	HTA12_29_3	10x Visium	Level 3	Pancreas NOS	Pancreatobiliary-type carcinoma	Synapse	gzip	HTA12_29_3004	HTA12_29_3	HTA12_29_2002	HT284P1-S1H2Fc2U1Z1Bs1-H2Bs2-Test	barcodes	spaceranger-1.2.2	https://github.com/reykajayasinghe/HTAN/blob/main/Single_cell_preprocessing/run_spaceranger_1.2.2.sh	B1	3962	77110	2598	82.7	92.1	80.3	7128	syn51201487	HTA12	HTA12_29_3004	HTA12_29_3	HTA12_29_2002		Release 3.0	Details	Image Viewer Coming Soon
visium_level_3_pdac/HT284P1-S1H2Fc2U1Z1Bs1-H2Bs2-Test-features.tsv.gz	HTAN WUSTL	HTA12_29_3	10x Visium	Level 3	Pancreas NOS	Pancreatobiliary-type carcinoma	Synapse	gzip	HTA12_29_3005	HTA12_29_3	HTA12_29_2002	HT284P1-S1H2Fc2U1Z1Bs1-H2Bs2-Test	features	spaceranger-1.2.2	https://github.com/reykajayasinghe/HTAN/blob/main/Single_cell_preprocessing/run_spaceranger_1.2.2.sh	B1	3962	77110	2598	82.7	92.1	80.3	7128	syn51201476	HTA12	HTA12_29_3005	HTA12_29_3	HTA12_29_2002		Release 3.0	Details	Image Viewer Coming Soon
visium_level_3_pdac/HT284P1-S1H2Fc2U1Z1Bs1-H2Bs2-Test-matrix.mtx.gz	HTAN WUSTL	HTA12_29_3	10x Visium	Level 3	Pancreas NOS	Pancreatobiliary-type carcinoma	Synapse	gzip	HTA12_29_3006	HTA12_29_3	HTA12_29_2002	HT284P1-S1H2Fc2U1Z1Bs1-H2Bs2-Test	unfiltered mex	spaceranger-1.2.2	https://github.com/reykajayasinghe/HTAN/blob/main/Single_cell_preprocessing/run_spaceranger_1.2.2.sh	B1	3962	77110	2598	82.7	92.1	80.3	7128	syn51201493	HTA12	HTA12_29_3006	HTA12_29_3	HTA12_29_2002		Release 3.0	Details	Image Viewer Coming Soon
visium_level_3_pdac/HT284P1-S1H2Fc2U1Z1Bs1-H2Bs2-Test-tissue_positions_list.csv	HTAN WUSTL	HTA12_29_3	10x Visium	Level 3	Pancreas NOS	Pancreatobiliary-type carcinoma	Synapse	csv	HTA12_29_3009	HTA12_29_3	HTA12_29_2002	HT284P1-S1H2Fc2U1Z1Bs1-H2Bs2-Test	tissue_positions	spaceranger-1.2.2	https://github.com/reykajayasinghe/HTAN/blob/main/Single_cell_preprocessing/run_spaceranger_1.2.2.sh	B1	3962	77110	2598	82.7	92.1	80.3	7128	syn51203256	HTA12	HTA12_29_3009	HTA12_29_3	HTA12_29_2002		Release 3.0	Details	Image Viewer Coming Soon
visium_level_3_pdac/HT288P1-S1H4Fc2U1Z1Bs1-H4Bs2-Test-barcodes.tsv.gz	HTAN WUSTL	HTA12_30_3	10x Visium	Level 3	Pancreas NOS	Adenocarcinoma pancreatobiliary type	Synapse	gzip	HTA12_30_3004	HTA12_30_3	HTA12_30_2002	HT288P1-S1H4Fc2U1Z1Bs1-H4Bs2-Test	barcodes	spaceranger-1.2.2	https://github.com/reykajayasinghe/HTAN/blob/main/Single_cell_preprocessing/run_spaceranger_1.2.2.sh	C1	3928	100741	4328	79.1	86.9	77.3	12345	syn51201501	HTA12	HTA12_30_3004	HTA12_30_3	HTA12_30_2002		Release 3.0	Details	Image Viewer Coming Soon
visium_level_3_pdac/HT288P1-S1H4Fc2U1Z1Bs1-H4Bs2-Test-features.tsv.gz	HTAN WUSTL	HTA12_30_3	10x Visium	Level 3	Pancreas NOS	Adenocarcinoma pancreatobiliary type	Synapse	gzip	HTA12_30_3005	HTA12_30_3	HTA12_30_2002	HT288P1-S1H4Fc2U1Z1Bs1-H4Bs2-Test	features	spaceranger-1.2.2	https://github.com/reykajayasinghe/HTAN/blob/main/Single_cell_preprocessing/run_spaceranger_1.2.2.sh	C1	3928	100741	4328	79.1	86.9	77.3	12345	syn51201522	HTA12	HTA12_30_3005	HTA12_30_3	HTA12_30_2002		Release 3.0	Details	Image Viewer Coming Soon
visium_level_3_pdac/HT288P1-S1H4Fc2U1Z1Bs1-H4Bs2-Test-matrix.mtx.gz	HTAN WUSTL	HTA12_30_3	10x Visium	Level 3	Pancreas NOS	Adenocarcinoma pancreatobiliary type	Synapse	gzip	HTA12_30_3006	HTA12_30_3	HTA12_30_2002	HT288P1-S1H4Fc2U1Z1Bs1-H4Bs2-Test	unfiltered mex	spaceranger-1.2.2	https://github.com/reykajayasinghe/HTAN/blob/main/Single_cell_preprocessing/run_spaceranger_1.2.2.sh	C1	3928	100741	4328	79.1	86.9	77.3	12345	syn51201512	HTA12	HTA12_30_3006	HTA12_30_3	HTA12_30_2002		Release 3.0	Details	Image Viewer Coming Soon
visium_level_3_pdac/HT288P1-S1H4Fc2U1Z1Bs1-H4Bs2-Test-tissue_positions_list.csv	HTAN WUSTL	HTA12_30_3	10x Visium	Level 3	Pancreas NOS	Adenocarcinoma pancreatobiliary type	Synapse	csv	HTA12_30_3009	HTA12_30_3	HTA12_30_2002	HT288P1-S1H4Fc2U1Z1Bs1-H4Bs2-Test	tissue_positions	spaceranger-1.2.2	https://github.com/reykajayasinghe/HTAN/blob/main/Single_cell_preprocessing/run_spaceranger_1.2.2.sh	C1	3928	100741	4328	79.1	86.9	77.3	12345	syn51203269	HTA12	HTA12_30_3009	HTA12_30_3	HTA12_30_2002		Release 3.0	Details	Image Viewer Coming Soon
visium_level_3_pdac/HT306P1-S1H1Fc2U1Z1Bs1-H1Bs2-Test-barcodes.tsv.gz	HTAN WUSTL	HTA12_31_3	10x Visium	Level 3	Pancreas NOS	Adenocarcinoma pancreatobiliary type	Synapse	gzip	HTA12_31_3004	HTA12_31_3	HTA12_31_2002	HT306P1-S1H1Fc2U1Z1Bs1-H1Bs2-Test	barcodes	spaceranger-1.2.2	https://github.com/reykajayasinghe/HTAN/blob/main/Single_cell_preprocessing/run_spaceranger_1.2.2.sh	D1	4779	75025	3552	72.7	90.7	82.6	10349	syn51201488	HTA12	HTA12_31_3004	HTA12_31_3	HTA12_31_2002		Release 3.0	Details	Image Viewer Coming Soon
visium_level_3_pdac/HT306P1-S1H1Fc2U1Z1Bs1-H1Bs2-Test-features.tsv.gz	HTAN WUSTL	HTA12_31_3	10x Visium	Level 3	Pancreas NOS	Adenocarcinoma pancreatobiliary type	Synapse	gzip	HTA12_31_3005	HTA12_31_3	HTA12_31_2002	HT306P1-S1H1Fc2U1Z1Bs1-H1Bs2-Test	features	spaceranger-1.2.2	https://github.com/reykajayasinghe/HTAN/blob/main/Single_cell_preprocessing/run_spaceranger_1.2.2.sh	D1	4779	75025	3552	72.7	90.7	82.6	10349	syn51201515	HTA12	HTA12_31_3005	HTA12_31_3	HTA12_31_2002		Release 3.0	Details	Image Viewer Coming Soon
visium_level_3_pdac/HT306P1-S1H1Fc2U1Z1Bs1-H1Bs2-Test-matrix.mtx.gz	HTAN WUSTL	HTA12_31_3	10x Visium	Level 3	Pancreas NOS	Adenocarcinoma pancreatobiliary type	Synapse	gzip	HTA12_31_3006	HTA12_31_3	HTA12_31_2002	HT306P1-S1H1Fc2U1Z1Bs1-H1Bs2-Test	unfiltered mex	spaceranger-1.2.2	https://github.com/reykajayasinghe/HTAN/blob/main/Single_cell_preprocessing/run_spaceranger_1.2.2.sh	D1	4779	75025	3552	72.7	90.7	82.6	10349	syn51201517	HTA12	HTA12_31_3006	HTA12_31_3	HTA12_31_2002		Release 3.0	Details	Image Viewer Coming Soon
visium_level_3_pdac/HT306P1-S1H1Fc2U1Z1Bs1-H1Bs2-Test-tissue_positions_list.csv	HTAN WUSTL	HTA12_31_3	10x Visium	Level 3	Pancreas NOS	Adenocarcinoma pancreatobiliary type	Synapse	csv	HTA12_31_3009	HTA12_31_3	HTA12_31_2002	HT306P1-S1H1Fc2U1Z1Bs1-H1Bs2-Test	tissue_positions	spaceranger-1.2.2	https://github.com/reykajayasinghe/HTAN/blob/main/Single_cell_preprocessing/run_spaceranger_1.2.2.sh	D1	4779	75025	3552	72.7	90.7	82.6	10349	syn51203417	HTA12	HTA12_31_3009	HTA12_31_3	HTA12_31_2002		Release 3.0	Details	Image Viewer Coming Soon
visium_level_3_ccrcc23/HT282N1-S1H3Fs4U1Bp1_barcodes.tsv.gz	HTAN WUSTL	HTA12_33_1	10x Visium	Level 3	Kidney NOS	Renal cell adenocarcinoma	Synapse	gzip	HTA12_33_3001	HTA12_33_1	HTA12_33_2001	HT282N1-S1H3Fs4U1Bp1	barcodes	spaceranger-1.3	https://github.com/simoncmo/HTAN/blob/main/Spatial_preprocessing/run_spaceranger_1.3_FFPE.sh	C1	4004	30471.5	4041	0.64		98.8%	8912	syn51202902	HTA12	HTA12_33_3001	HTA12_33_1	HTA12_33_2001		Release 3.0	Details	Image Viewer Coming Soon
visium_level_3_ccrcc23/HT282N1-S1H3Fs4U1Bp1_features.tsv.gz	HTAN WUSTL	HTA12_33_1	10x Visium	Level 3	Kidney NOS	Renal cell adenocarcinoma	Synapse	gzip	HTA12_33_3002	HTA12_33_1	HTA12_33_2001	HT282N1-S1H3Fs4U1Bp1	features	spaceranger-1.3	https://github.com/simoncmo/HTAN/blob/main/Spatial_preprocessing/run_spaceranger_1.3_FFPE.sh	C1	4004	30471.5	4041	0.64		98.8%	8912	syn51202903	HTA12	HTA12_33_3002	HTA12_33_1	HTA12_33_2001		Release 3.0	Details	Image Viewer Coming Soon
visium_level_3_ccrcc23/HT282N1-S1H3Fs4U1Bp1_matrix.mtx.gz	HTAN WUSTL	HTA12_33_1	10x Visium	Level 3	Kidney NOS	Renal cell adenocarcinoma	Synapse	gzip	HTA12_33_3003	HTA12_33_1	HTA12_33_2001	HT282N1-S1H3Fs4U1Bp1	unfiltered mex	spaceranger-1.3	https://github.com/simoncmo/HTAN/blob/main/Spatial_preprocessing/run_spaceranger_1.3_FFPE.sh	C1	4004	30471.5	4041	0.64		98.8%	8912	syn51202905	HTA12	HTA12_33_3003	HTA12_33_1	HTA12_33_2001		Release 3.0	Details	Image Viewer Coming Soon
visium_level_3_ccrcc23/HT282N1-S1H3Fs4U1Bp1_tissue_positions_list.csv	HTAN WUSTL	HTA12_33_1	10x Visium	Level 3	Kidney NOS	Renal cell adenocarcinoma	Synapse	csv	HTA12_33_3006	HTA12_33_1	HTA12_33_2001	HT282N1-S1H3Fs4U1Bp1	tissue_positions	spaceranger-1.3	https://github.com/simoncmo/HTAN/blob/main/Spatial_preprocessing/run_spaceranger_1.3_FFPE.sh	C1	4004	30471.5	4041	0.64		98.8%	8912	syn51204447	HTA12	HTA12_33_3006	HTA12_33_1	HTA12_33_2001		Release 3.0	Details	Image Viewer Coming Soon
visium_level_3_ccrcc23/HT293N1-S1H3Fs1U1Bp1_barcodes.tsv.gz	HTAN WUSTL	HTA12_34_1	10x Visium	Level 3	Kidney NOS	Renal cell adenocarcinoma	Synapse	gzip	HTA12_34_3001	HTA12_34_1	HTA12_34_2001	HT293N1-S1H3Fs1U1Bp1	barcodes	spaceranger-1.3	https://github.com/simoncmo/HTAN/blob/main/Spatial_preprocessing/run_spaceranger_1.3_FFPE.sh	D1	2548	56115.4	6742	0.62		98.7%	19576	syn51204451	HTA12	HTA12_34_3001	HTA12_34_1	HTA12_34_2001		Release 3.0	Details	Image Viewer Coming Soon
visium_level_3_ccrcc23/HT293N1-S1H3Fs1U1Bp1_features.tsv.gz	HTAN WUSTL	HTA12_34_1	10x Visium	Level 3	Kidney NOS	Renal cell adenocarcinoma	Synapse	gzip	HTA12_34_3002	HTA12_34_1	HTA12_34_2001	HT293N1-S1H3Fs1U1Bp1	features	spaceranger-1.3	https://github.com/simoncmo/HTAN/blob/main/Spatial_preprocessing/run_spaceranger_1.3_FFPE.sh	D1	2548	56115.4	6742	0.62		98.7%	19576	syn51204448	HTA12	HTA12_34_3002	HTA12_34_1	HTA12_34_2001		Release 3.0	Details	Image Viewer Coming Soon
visium_level_3_ccrcc23/HT293N1-S1H3Fs1U1Bp1_matrix.mtx.gz	HTAN WUSTL	HTA12_34_1	10x Visium	Level 3	Kidney NOS	Renal cell adenocarcinoma	Synapse	gzip	HTA12_34_3003	HTA12_34_1	HTA12_34_2001	HT293N1-S1H3Fs1U1Bp1	unfiltered mex	spaceranger-1.3	https://github.com/simoncmo/HTAN/blob/main/Spatial_preprocessing/run_spaceranger_1.3_FFPE.sh	D1	2548	56115.4	6742	0.62		98.7%	19576	syn51204443	HTA12	HTA12_34_3003	HTA12_34_1	HTA12_34_2001		Release 3.0	Details	Image Viewer Coming Soon
visium_level_3_ccrcc23/HT293N1-S1H3Fs1U1Bp1_tissue_positions_list.csv	HTAN WUSTL	HTA12_34_1	10x Visium	Level 3	Kidney NOS	Renal cell adenocarcinoma	Synapse	csv	HTA12_34_3006	HTA12_34_1	HTA12_34_2001	HT293N1-S1H3Fs1U1Bp1	tissue_positions	spaceranger-1.3	https://github.com/simoncmo/HTAN/blob/main/Spatial_preprocessing/run_spaceranger_1.3_FFPE.sh	D1	2548	56115.4	6742	0.62		98.7%	19576	syn51204444	HTA12	HTA12_34_3006	HTA12_34_1	HTA12_34_2001		Release 3.0	Details	Image Viewer Coming Soon